build,vendor,field,correct,expected,extracted,missed
cdc_ref/zybo,Vivado,tool_version,1,v2025.2,v2025.2,
cdc_ref/zybo,Vivado,device,1,xc7z020clg400-1,xc7z020clg400-1,
cdc_ref/zybo,Vivado,timing_met,1,True,True,
cdc_ref/zybo,Vivado,wns,1,6.355,6.355,
cdc_ref/zybo,Vivado,bitstream,1,cdc_ref.bit,cdc_ref.bit,
cdc_ref/zybo,Vivado,license,1,Implementation;Synthesis,Implementation;Synthesis,
cdc_ref/zybo,Vivado,constraints,1,cdc.xdc;pins.xdc;sync.xdc,cdc.xdc;pins.xdc;sync.xdc,
cdc_ref/zybo,Vivado,sources,1,async_fifo.v;board_top.v;cdc_ref_core.v;clk_gen.v;reset_sync.v,async_fifo.v;board_top.v;cdc_ref_core.v;clk_gen.v;reset_sync.v,
cdc_ref/zybo,Vivado,ip,1,xilinx.com:ip:clk_wiz:6.0,xilinx.com:ip:clk_wiz:6.0,
cdc_ref/c10lp,Quartus,tool_version,1,25.1std.0 Build 1129,25.1std.0 Build 1129,
cdc_ref/c10lp,Quartus,device,1,10CL025YU256I7G,10CL025YU256I7G,
cdc_ref/c10lp,Quartus,timing_met,1,True,True,
cdc_ref/c10lp,Quartus,wns,1,5.968,5.968,
cdc_ref/c10lp,Quartus,bitstream,1,cdc_ref.jic,cdc_ref.jic,
cdc_ref/c10lp,Quartus,license,1,,,
cdc_ref/c10lp,Quartus,constraints,1,cdc.sdc;clocks.sdc;qsf:assignments,cdc.sdc;clocks.sdc;qsf:assignments,
cdc_ref/c10lp,Quartus,sources,1,async_fifo.v;board_top.v;cdc_ref_core.v;clk_gen.v;reset_sync.v,async_fifo.v;board_top.v;cdc_ref_core.v;clk_gen.v;reset_sync.v,
cdc_ref/c10lp,Quartus,ip,1,altera:altpll:25.1,altera:altpll:25.1,
cdc_ref/disco,Libero,tool_version,1,2025.2.0.14,2025.2.0.14,
cdc_ref/disco,Libero,device,1,PA5SOC095T,PA5SOC095T,
cdc_ref/disco,Libero,timing_met,1,True,True,
cdc_ref/disco,Libero,wns,1,8.633,8.633,
cdc_ref/disco,Libero,bitstream,1,export/cdc_ref.job,export/cdc_ref.job,
cdc_ref/disco,Libero,license,1,synplifypro_actel,synplifypro_actel,
cdc_ref/disco,Libero,constraints,1,cdc.sdc;pins.pdc,cdc.sdc;pins.pdc,
cdc_ref/disco,Libero,sources,1,hdl/async_fifo.v;hdl/board_top.v;hdl/cdc_ref_core.v;hdl/clk_gen.v;hdl/reset_sync.v,hdl/async_fifo.v;hdl/board_top.v;hdl/cdc_ref_core.v;hdl/clk_gen.v;hdl/reset_sync.v,
cdc_ref/disco,Libero,ip,1,Actel:SgCore:PF_CCC:2.2.222,Actel:SgCore:PF_CCC:2.2.222,
discovery_ref/disco,Libero,tool_version,1,2025.2.0.14,2025.2.0.14,
discovery_ref/disco,Libero,device,1,PA5SOC095T,PA5SOC095T,
discovery_ref/disco,Libero,timing_met,1,True,True,
discovery_ref/disco,Libero,wns,1,3.832,3.832,
discovery_ref/disco,Libero,bitstream,1,export/MPFS_DISCOVERY.job,export/MPFS_DISCOVERY.job,
discovery_ref/disco,Libero,license,1,synplifypro_actel,synplifypro_actel,
discovery_ref/disco,Libero,constraints,1,MPFS_DISCOVERY_7_SEG.pdc;MPFS_DISCOVERY_KIT_BANK_SETTINGS.pdc;MPFS_DISCOVERY_KIT_BOARD_MISC.pdc;MPFS_DISCOVERY_MAC.pdc;MPFS_DISCOVERY_RPi.pdc;MPFS_DISCOVERY_UARTS.pdc;MPFS_DISCOVERY_mikroBUS.pdc;SW_PLL.pdc,MPFS_DISCOVERY_7_SEG.pdc;MPFS_DISCOVERY_KIT_BANK_SETTINGS.pdc;MPFS_DISCOVERY_KIT_BOARD_MISC.pdc;MPFS_DISCOVERY_MAC.pdc;MPFS_DISCOVERY_RPi.pdc;MPFS_DISCOVERY_UARTS.pdc;MPFS_DISCOVERY_mikroBUS.pdc;SW_PLL.pdc,
discovery_ref/disco,Libero,sources,1,hdl/APB_PASS_THROUGH.v;hdl/apb_arbiter.v;smartdesign/CLOCKS_AND_RESETS;smartdesign/CORE_I2C_C0_0_WRAPPER;smartdesign/FIC_0_PERIPHERALS;smartdesign/FIC_3_ADDRESS_GENERATION;smartdesign/FIC_3_PERIPHERALS;smartdesign/MPFS_DISCOVERY_KIT;smartdesign/MSS_WRAPPER,hdl/APB_PASS_THROUGH.v;hdl/apb_arbiter.v;smartdesign/CLOCKS_AND_RESETS;smartdesign/CORE_I2C_C0_0_WRAPPER;smartdesign/FIC_0_PERIPHERALS;smartdesign/FIC_3_ADDRESS_GENERATION;smartdesign/FIC_3_PERIPHERALS;smartdesign/MPFS_DISCOVERY_KIT;smartdesign/MSS_WRAPPER,
discovery_ref/disco,Libero,ip,1,Actel:DirectCore:COREAXI4DMACONTROLLER:2.2.107;Actel:DirectCore:COREAXI4INTERCONNECT:2.9.100;Actel:DirectCore:COREAXI4SRAM:3.0.102;Actel:DirectCore:COREI2C:7.2.101;Actel:DirectCore:CORERESET_PF:2.3.100;Actel:DirectCore:CORESPI:5.2.104;Actel:DirectCore:CoreAPB3:4.2.100;Actel:DirectCore:CoreGPIO:3.2.102;Actel:DirectCore:CoreUARTapb:5.7.100;Actel:DirectCore:corepwm:4.5.100;Actel:SgCore:PF_CCC:2.2.222;Actel:SgCore:PF_DRI:1.1.104;Microchip:MSS:PFSOC_MSS;Microchip:MiV:MIV_IHC:2.0.100;Microsemi:SgCore:PFSOC_INIT_MONITOR:1.0.309,Actel:DirectCore:COREAXI4DMACONTROLLER:2.2.107;Actel:DirectCore:COREAXI4INTERCONNECT:2.9.100;Actel:DirectCore:COREAXI4SRAM:3.0.102;Actel:DirectCore:COREI2C:7.2.101;Actel:DirectCore:CORERESET_PF:2.3.100;Actel:DirectCore:CORESPI:5.2.104;Actel:DirectCore:CoreAPB3:4.2.100;Actel:DirectCore:CoreGPIO:3.2.102;Actel:DirectCore:CoreUARTapb:5.7.100;Actel:DirectCore:corepwm:4.5.100;Actel:SgCore:PF_CCC:2.2.222;Actel:SgCore:PF_DRI:1.1.104;Microchip:MSS:PFSOC_MSS;Microchip:MiV:MIV_IHC:2.0.100;Microsemi:SgCore:PFSOC_INIT_MONITOR:1.0.309,
cdc_ref/zybo_open,openXC7,tool_version,1,Yosys 0.63+173; nextpnr-xilinx a9ceeec,Yosys 0.63+173; nextpnr-xilinx a9ceeec,
cdc_ref/zybo_open,openXC7,device,1,xc7z020clg400-1,xc7z020clg400-1,
cdc_ref/zybo_open,openXC7,timing_met,1,True,True,
cdc_ref/zybo_open,openXC7,wns,1,6.577,6.577,
cdc_ref/zybo_open,openXC7,bitstream,1,cdc_ref.bit,cdc_ref.bit,
cdc_ref/zybo_open,openXC7,license,1,,,
cdc_ref/zybo_open,openXC7,constraints,1,cdc.xdc;pins.xdc,cdc.xdc;pins.xdc,
cdc_ref/zybo_open,openXC7,sources,1,async_fifo.v;board_top.v;cdc_ref_core.v;clk_gen.v;reset_sync.v,async_fifo.v;board_top.v;cdc_ref_core.v;clk_gen.v;reset_sync.v,
cdc_ref/zybo_open,openXC7,ip,1,,,
zybo_hdmi/zybo,Vivado,tool_version,1,v2025.2,v2025.2,
zybo_hdmi/zybo,Vivado,device,1,xc7z020clg400-1,xc7z020clg400-1,
zybo_hdmi/zybo,Vivado,timing_met,1,True,True,
zybo_hdmi/zybo,Vivado,wns,1,0.686,0.686,
zybo_hdmi/zybo,Vivado,bitstream,1,zybo-20-hw.runs/impl_1/design_1_wrapper.bit,zybo-20-hw.runs/impl_1/design_1_wrapper.bit,
zybo_hdmi/zybo,Vivado,license,1,Implementation;Synthesis,Implementation;Synthesis,
zybo_hdmi/zybo,Vivado,constraints,1,Zybo-Z7-Master.xdc,Zybo-Z7-Master.xdc,
zybo_hdmi/zybo,Vivado,sources,1,archive_project_summary.txt;design_1.bd;design_1_wrapper.v,archive_project_summary.txt;design_1.bd;design_1_wrapper.v,
zybo_hdmi/zybo,Vivado,ip,1,digilentinc.com:ip:axi_dynclk:1.1;digilentinc.com:ip:dvi2rgb:2.0;digilentinc.com:ip:rgb2dvi:1.4;xilinx.com:ip:axi_crossbar:2.1;xilinx.com:ip:axi_gpio:2.0;xilinx.com:ip:axi_interconnect:2.1;xilinx.com:ip:axi_protocol_converter:2.1;xilinx.com:ip:axi_register_slice:2.1;xilinx.com:ip:axi_vdma:6.3;xilinx.com:ip:axis_subset_converter:1.1;xilinx.com:ip:proc_sys_reset:5.0;xilinx.com:ip:processing_system7:5.5;xilinx.com:ip:v_axi4s_vid_out:4.0;xilinx.com:ip:v_tc:6.2;xilinx.com:ip:v_vid_in_axi4s:5.0;xilinx.com:ip:xlconcat:2.1;xilinx.com:ip:xlconstant:1.1,digilentinc.com:ip:axi_dynclk:1.1;digilentinc.com:ip:dvi2rgb:2.0;digilentinc.com:ip:rgb2dvi:1.4;xilinx.com:ip:axi_crossbar:2.1;xilinx.com:ip:axi_gpio:2.0;xilinx.com:ip:axi_interconnect:2.1;xilinx.com:ip:axi_protocol_converter:2.1;xilinx.com:ip:axi_register_slice:2.1;xilinx.com:ip:axi_vdma:6.3;xilinx.com:ip:axis_subset_converter:1.1;xilinx.com:ip:proc_sys_reset:5.0;xilinx.com:ip:processing_system7:5.5;xilinx.com:ip:v_axi4s_vid_out:4.0;xilinx.com:ip:v_tc:6.2;xilinx.com:ip:v_vid_in_axi4s:5.0;xilinx.com:ip:xlconcat:2.1;xilinx.com:ip:xlconstant:1.1,
c10lp_multiproc/c10lp,Quartus,tool_version,1,25.1std.0 Build 1129,25.1std.0 Build 1129,
c10lp_multiproc/c10lp,Quartus,device,1,10CL025YU256I7G,10CL025YU256I7G,
c10lp_multiproc/c10lp,Quartus,timing_met,1,True,True,
c10lp_multiproc/c10lp,Quartus,wns,1,4.718,4.718,
c10lp_multiproc/c10lp,Quartus,bitstream,1,top_level.jic,top_level.jic,
c10lp_multiproc/c10lp,Quartus,license,1,,,
c10lp_multiproc/c10lp,Quartus,constraints,1,multiprocessor_tutorial.sdc;qsf:assignments,multiprocessor_tutorial.sdc;qsf:assignments,
c10lp_multiproc/c10lp,Quartus,sources,1,altera_avalon_jtag_uart.sv;altera_avalon_jtag_uart_scfifo_r.sv;altera_avalon_jtag_uart_scfifo_w.sv;altera_avalon_mm_bridge.v;altera_avalon_sc_fifo.v;altera_avalon_st_clock_crosser.v;altera_avalon_st_handshake_clock_crosser.v;altera_avalon_st_pipeline_base.v;altera_merlin_arbitrator.sv;altera_merlin_axi_master_ni.sv;altera_merlin_burst_uncompressor.sv;altera_merlin_master_agent.sv;altera_merlin_master_translator.sv;altera_merlin_slave_agent.sv;altera_merlin_slave_translator.sv;altera_merlin_traffic_limiter.sv;altera_reset_controller.v;altera_reset_synchronizer.v;altera_std_synchronizer_nocut.v;csr_mlab.mif;debug_rom.mif;global_reset_generator.v;multiprocessor_tutorial_main_system.qsys;multiprocessor_tutorial_main_system.v;multiprocessor_tutorial_main_system_cpu_top.v;multiprocessor_tutorial_main_system_cpu_top_hart.sv;multiprocessor_tutorial_main_system_cpu_top_irq_mapper.sv;multiprocessor_tutorial_main_system_irq_mapper.sv;multiprocessor_tutorial_main_system_mm_interconnect_0.v;multiprocessor_tutorial_main_system_mm_interconnect_0_avalon_st_adapter.v;multiprocessor_tutorial_main_system_mm_interconnect_0_avalon_st_adapter_error_adapter_0.sv;multiprocessor_tutorial_main_system_mm_interconnect_0_cmd_demux.sv;multiprocessor_tutorial_main_system_mm_interconnect_0_cmd_demux_002.sv;multiprocessor_tutorial_main_system_mm_interconnect_0_cmd_demux_007.sv;multiprocessor_tutorial_main_system_mm_interconnect_0_cmd_mux.sv;multiprocessor_tutorial_main_system_mm_interconnect_0_cmd_mux_001.sv;multiprocessor_tutorial_main_system_mm_interconnect_0_cmd_mux_002.sv;multiprocessor_tutorial_main_system_mm_interconnect_0_cmd_mux_003.sv;multiprocessor_tutorial_main_system_mm_interconnect_0_cmd_mux_006.sv;multiprocessor_tutorial_main_system_mm_interconnect_0_router.sv;multiprocessor_tutorial_main_system_mm_interconnect_0_router_002.sv;multiprocessor_tutorial_main_system_mm_interconnect_0_router_004.sv;multiprocessor_tutorial_main_system_mm_interconnect_0_router_007.sv;multiprocessor_tutorial_main_system_mm_interconnect_0_router_008.sv;multiprocessor_tutorial_main_system_mm_interconnect_0_router_009.sv;multiprocessor_tutorial_main_system_mm_interconnect_0_router_010.sv;multiprocessor_tutorial_main_system_mm_interconnect_0_router_011.sv;multiprocessor_tutorial_main_system_mm_interconnect_0_router_012.sv;multiprocessor_tutorial_main_system_mm_interconnect_0_router_013.sv;multiprocessor_tutorial_main_system_mm_interconnect_0_router_014.sv;multiprocessor_tutorial_main_system_mm_interconnect_0_router_015.sv;multiprocessor_tutorial_main_system_mm_interconnect_0_router_016.sv;multiprocessor_tutorial_main_system_mm_interconnect_0_rsp_demux.sv;multiprocessor_tutorial_main_system_mm_interconnect_0_rsp_demux_001.sv;multiprocessor_tutorial_main_system_mm_interconnect_0_rsp_demux_002.sv;multiprocessor_tutorial_main_system_mm_interconnect_0_rsp_demux_003.sv;multiprocessor_tutorial_main_system_mm_interconnect_0_rsp_demux_006.sv;multiprocessor_tutorial_main_system_mm_interconnect_0_rsp_mux.sv;multiprocessor_tutorial_main_system_mm_interconnect_0_rsp_mux_002.sv;multiprocessor_tutorial_main_system_mm_interconnect_0_rsp_mux_007.sv;multiprocessor_tutorial_main_system_onchip_memory.hex;multiprocessor_tutorial_main_system_onchip_memory.v;multiprocessor_tutorial_main_system_philosopher_one.v;multiprocessor_tutorial_main_system_philosopher_one_chopstick_mutex.v;multiprocessor_tutorial_main_system_philosopher_one_cpu_one.v;multiprocessor_tutorial_main_system_philosopher_one_cpu_one_hart.sv;multiprocessor_tutorial_main_system_philosopher_one_mm_interconnect_0.v;multiprocessor_tutorial_main_system_philosopher_one_mm_interconnect_0_cmd_demux.sv;multiprocessor_tutorial_main_system_philosopher_one_mm_interconnect_0_cmd_demux_002.sv;multiprocessor_tutorial_main_system_philosopher_one_mm_interconnect_0_cmd_demux_004.sv;multiprocessor_tutorial_main_system_philosopher_one_mm_interconnect_0_cmd_mux.sv;multiprocessor_tutorial_main_system_philosopher_one_mm_interconnect_0_cmd_mux_001.sv;multiprocessor_tutorial_main_system_philosopher_one_mm_interconnect_0_cmd_mux_004.sv;multiprocessor_tutorial_main_system_philosopher_one_mm_interconnect_0_router.sv;multiprocessor_tutorial_main_system_philosopher_one_mm_interconnect_0_router_002.sv;multiprocessor_tutorial_main_system_philosopher_one_mm_interconnect_0_router_004.sv;multiprocessor_tutorial_main_system_philosopher_one_mm_interconnect_0_router_005.sv;multiprocessor_tutorial_main_system_philosopher_one_mm_interconnect_0_router_006.sv;multiprocessor_tutorial_main_system_philosopher_one_mm_interconnect_0_router_009.sv;multiprocessor_tutorial_main_system_philosopher_one_mm_interconnect_0_rsp_demux.sv;multiprocessor_tutorial_main_system_philosopher_one_mm_interconnect_0_rsp_demux_001.sv;multiprocessor_tutorial_main_system_philosopher_one_mm_interconnect_0_rsp_demux_004.sv;multiprocessor_tutorial_main_system_philosopher_one_mm_interconnect_0_rsp_mux.sv;multiprocessor_tutorial_main_system_philosopher_one_mm_interconnect_0_rsp_mux_002.sv;multiprocessor_tutorial_main_system_philosopher_one_mm_interconnect_0_rsp_mux_004.sv;multiprocessor_tutorial_main_system_philosopher_two.v;multiprocessor_tutorial_main_system_philosopher_two_cpu_two.v;multiprocessor_tutorial_main_system_philosopher_two_cpu_two_hart.sv;multiprocessor_tutorial_main_system_philosopher_two_mm_interconnect_0.v;multiprocessor_tutorial_main_system_philosopher_zero.v;multiprocessor_tutorial_main_system_philosopher_zero_cpu_zero.v;multiprocessor_tutorial_main_system_philosopher_zero_cpu_zero_hart.sv;multiprocessor_tutorial_main_system_philosopher_zero_mm_interconnect_0.v;multiprocessor_tutorial_main_system_sysid_qsys.v;multiprocessor_tutorial_main_system_timer_top.v;philosopher_one.qsys;philosopher_two.qsys;philosopher_zero.qsys;top_level.v,altera_avalon_jtag_uart.sv;altera_avalon_jtag_uart_scfifo_r.sv;altera_avalon_jtag_uart_scfifo_w.sv;altera_avalon_mm_bridge.v;altera_avalon_sc_fifo.v;altera_avalon_st_clock_crosser.v;altera_avalon_st_handshake_clock_crosser.v;altera_avalon_st_pipeline_base.v;altera_merlin_arbitrator.sv;altera_merlin_axi_master_ni.sv;altera_merlin_burst_uncompressor.sv;altera_merlin_master_agent.sv;altera_merlin_master_translator.sv;altera_merlin_slave_agent.sv;altera_merlin_slave_translator.sv;altera_merlin_traffic_limiter.sv;altera_reset_controller.v;altera_reset_synchronizer.v;altera_std_synchronizer_nocut.v;csr_mlab.mif;debug_rom.mif;global_reset_generator.v;multiprocessor_tutorial_main_system.qsys;multiprocessor_tutorial_main_system.v;multiprocessor_tutorial_main_system_cpu_top.v;multiprocessor_tutorial_main_system_cpu_top_hart.sv;multiprocessor_tutorial_main_system_cpu_top_irq_mapper.sv;multiprocessor_tutorial_main_system_irq_mapper.sv;multiprocessor_tutorial_main_system_mm_interconnect_0.v;multiprocessor_tutorial_main_system_mm_interconnect_0_avalon_st_adapter.v;multiprocessor_tutorial_main_system_mm_interconnect_0_avalon_st_adapter_error_adapter_0.sv;multiprocessor_tutorial_main_system_mm_interconnect_0_cmd_demux.sv;multiprocessor_tutorial_main_system_mm_interconnect_0_cmd_demux_002.sv;multiprocessor_tutorial_main_system_mm_interconnect_0_cmd_demux_007.sv;multiprocessor_tutorial_main_system_mm_interconnect_0_cmd_mux.sv;multiprocessor_tutorial_main_system_mm_interconnect_0_cmd_mux_001.sv;multiprocessor_tutorial_main_system_mm_interconnect_0_cmd_mux_002.sv;multiprocessor_tutorial_main_system_mm_interconnect_0_cmd_mux_003.sv;multiprocessor_tutorial_main_system_mm_interconnect_0_cmd_mux_006.sv;multiprocessor_tutorial_main_system_mm_interconnect_0_router.sv;multiprocessor_tutorial_main_system_mm_interconnect_0_router_002.sv;multiprocessor_tutorial_main_system_mm_interconnect_0_router_004.sv;multiprocessor_tutorial_main_system_mm_interconnect_0_router_007.sv;multiprocessor_tutorial_main_system_mm_interconnect_0_router_008.sv;multiprocessor_tutorial_main_system_mm_interconnect_0_router_009.sv;multiprocessor_tutorial_main_system_mm_interconnect_0_router_010.sv;multiprocessor_tutorial_main_system_mm_interconnect_0_router_011.sv;multiprocessor_tutorial_main_system_mm_interconnect_0_router_012.sv;multiprocessor_tutorial_main_system_mm_interconnect_0_router_013.sv;multiprocessor_tutorial_main_system_mm_interconnect_0_router_014.sv;multiprocessor_tutorial_main_system_mm_interconnect_0_router_015.sv;multiprocessor_tutorial_main_system_mm_interconnect_0_router_016.sv;multiprocessor_tutorial_main_system_mm_interconnect_0_rsp_demux.sv;multiprocessor_tutorial_main_system_mm_interconnect_0_rsp_demux_001.sv;multiprocessor_tutorial_main_system_mm_interconnect_0_rsp_demux_002.sv;multiprocessor_tutorial_main_system_mm_interconnect_0_rsp_demux_003.sv;multiprocessor_tutorial_main_system_mm_interconnect_0_rsp_demux_006.sv;multiprocessor_tutorial_main_system_mm_interconnect_0_rsp_mux.sv;multiprocessor_tutorial_main_system_mm_interconnect_0_rsp_mux_002.sv;multiprocessor_tutorial_main_system_mm_interconnect_0_rsp_mux_007.sv;multiprocessor_tutorial_main_system_onchip_memory.hex;multiprocessor_tutorial_main_system_onchip_memory.v;multiprocessor_tutorial_main_system_philosopher_one.v;multiprocessor_tutorial_main_system_philosopher_one_chopstick_mutex.v;multiprocessor_tutorial_main_system_philosopher_one_cpu_one.v;multiprocessor_tutorial_main_system_philosopher_one_cpu_one_hart.sv;multiprocessor_tutorial_main_system_philosopher_one_mm_interconnect_0.v;multiprocessor_tutorial_main_system_philosopher_one_mm_interconnect_0_cmd_demux.sv;multiprocessor_tutorial_main_system_philosopher_one_mm_interconnect_0_cmd_demux_002.sv;multiprocessor_tutorial_main_system_philosopher_one_mm_interconnect_0_cmd_demux_004.sv;multiprocessor_tutorial_main_system_philosopher_one_mm_interconnect_0_cmd_mux.sv;multiprocessor_tutorial_main_system_philosopher_one_mm_interconnect_0_cmd_mux_001.sv;multiprocessor_tutorial_main_system_philosopher_one_mm_interconnect_0_cmd_mux_004.sv;multiprocessor_tutorial_main_system_philosopher_one_mm_interconnect_0_router.sv;multiprocessor_tutorial_main_system_philosopher_one_mm_interconnect_0_router_002.sv;multiprocessor_tutorial_main_system_philosopher_one_mm_interconnect_0_router_004.sv;multiprocessor_tutorial_main_system_philosopher_one_mm_interconnect_0_router_005.sv;multiprocessor_tutorial_main_system_philosopher_one_mm_interconnect_0_router_006.sv;multiprocessor_tutorial_main_system_philosopher_one_mm_interconnect_0_router_009.sv;multiprocessor_tutorial_main_system_philosopher_one_mm_interconnect_0_rsp_demux.sv;multiprocessor_tutorial_main_system_philosopher_one_mm_interconnect_0_rsp_demux_001.sv;multiprocessor_tutorial_main_system_philosopher_one_mm_interconnect_0_rsp_demux_004.sv;multiprocessor_tutorial_main_system_philosopher_one_mm_interconnect_0_rsp_mux.sv;multiprocessor_tutorial_main_system_philosopher_one_mm_interconnect_0_rsp_mux_002.sv;multiprocessor_tutorial_main_system_philosopher_one_mm_interconnect_0_rsp_mux_004.sv;multiprocessor_tutorial_main_system_philosopher_two.v;multiprocessor_tutorial_main_system_philosopher_two_cpu_two.v;multiprocessor_tutorial_main_system_philosopher_two_cpu_two_hart.sv;multiprocessor_tutorial_main_system_philosopher_two_mm_interconnect_0.v;multiprocessor_tutorial_main_system_philosopher_zero.v;multiprocessor_tutorial_main_system_philosopher_zero_cpu_zero.v;multiprocessor_tutorial_main_system_philosopher_zero_cpu_zero_hart.sv;multiprocessor_tutorial_main_system_philosopher_zero_mm_interconnect_0.v;multiprocessor_tutorial_main_system_sysid_qsys.v;multiprocessor_tutorial_main_system_timer_top.v;philosopher_one.qsys;philosopher_two.qsys;philosopher_zero.qsys;top_level.v,
c10lp_multiproc/c10lp,Quartus,ip,1,altera:altera_avalon_jtag_uart:25.1;altera:altera_avalon_mm_bridge:25.1;altera:altera_avalon_mutex:25.1;altera:altera_avalon_onchip_memory2:25.1;altera:altera_avalon_sysid_qsys:25.1;altera:altera_avalon_timer:25.1;altera:clock_source:25.1;altera:intel_niosv_m:26.0.0,altera:altera_avalon_jtag_uart:25.1;altera:altera_avalon_mm_bridge:25.1;altera:altera_avalon_mutex:25.1;altera:altera_avalon_onchip_memory2:25.1;altera:altera_avalon_sysid_qsys:25.1;altera:altera_avalon_timer:25.1;altera:clock_source:25.1;altera:intel_niosv_m:26.0.0,
picosoc_zybo/zybo_open,openXC7,tool_version,1,Yosys 0.63+173; nextpnr-xilinx a9ceeec,Yosys 0.63+173; nextpnr-xilinx a9ceeec,
picosoc_zybo/zybo_open,openXC7,device,1,xc7z020clg400-1,xc7z020clg400-1,
picosoc_zybo/zybo_open,openXC7,timing_met,1,True,True,
picosoc_zybo/zybo_open,openXC7,wns,1,5.789,5.789,
picosoc_zybo/zybo_open,openXC7,bitstream,1,picosoc_zybo.bit,picosoc_zybo.bit,
picosoc_zybo/zybo_open,openXC7,license,1,,,
picosoc_zybo/zybo_open,openXC7,constraints,1,clocks.xdc;pins.xdc,clocks.xdc;pins.xdc,
picosoc_zybo/zybo_open,openXC7,sources,1,board_top.v;clk_gen.v;picorv32.v;picosoc.v;simpleuart.v;spimemio.v,board_top.v;clk_gen.v;picorv32.v;picosoc.v;simpleuart.v;spimemio.v,
picosoc_zybo/zybo_open,openXC7,ip,1,,,
