record,zybo:default,zybo:release,zybo:project,c10lp:default,c10lp:release,c10lp:project,disco:default,disco:release,disco:project,zybo_open:default,zybo_open:release,zybo_open:project
SIP-1,PARTIAL,SATISFIED,SATISFIED,PARTIAL,SATISFIED,SATISFIED,PARTIAL,SATISFIED,SATISFIED,SATISFIED,SATISFIED,SATISFIED
SIP-2,PARTIAL,SATISFIED,SATISFIED,PARTIAL,SATISFIED,SATISFIED,PARTIAL,SATISFIED,SATISFIED,PARTIAL,SATISFIED,SATISFIED
SIP-3,PROJECT,PROJECT,PROJECT,PROJECT,PROJECT,PROJECT,PROJECT,PROJECT,PROJECT,PROJECT,PROJECT,PROJECT
SIM-1,MISSING,MISSING,SATISFIED,MISSING,MISSING,SATISFIED,MISSING,MISSING,SATISFIED,MISSING,MISSING,SATISFIED
SIM-2,MISSING,MISSING,PARTIAL,MISSING,MISSING,PARTIAL,MISSING,MISSING,PARTIAL,MISSING,MISSING,PARTIAL
CFG-1,PARTIAL,SATISFIED,SATISFIED,PARTIAL,SATISFIED,SATISFIED,PARTIAL,SATISFIED,SATISFIED,PARTIAL,SATISFIED,SATISFIED
CFG-2,PARTIAL,SATISFIED,SATISFIED,PARTIAL,SATISFIED,SATISFIED,PARTIAL,SATISFIED,SATISFIED,PARTIAL,SATISFIED,SATISFIED
CFG-3,SATISFIED,SATISFIED,SATISFIED,SATISFIED,SATISFIED,SATISFIED,SATISFIED,SATISFIED,SATISFIED,SATISFIED,SATISFIED,SATISFIED
TENV-1,PARTIAL,PARTIAL,SATISFIED,PARTIAL,PARTIAL,SATISFIED,PARTIAL,PARTIAL,SATISFIED,PARTIAL,PARTIAL,SATISFIED
TENV-2,PARTIAL,PARTIAL,SATISFIED,PROJECT,PROJECT,SATISFIED,PARTIAL,PARTIAL,SATISFIED,PROJECT,PROJECT,SATISFIED
TENV-3,PARTIAL,SATISFIED,SATISFIED,PARTIAL,SATISFIED,SATISFIED,PARTIAL,SATISFIED,SATISFIED,PARTIAL,SATISFIED,SATISFIED
TRN-1,SATISFIED,SATISFIED,SATISFIED,SATISFIED,SATISFIED,SATISFIED,SATISFIED,SATISFIED,SATISFIED,SATISFIED,SATISFIED,SATISFIED
TRN-2,SATISFIED,SATISFIED,SATISFIED,SATISFIED,SATISFIED,SATISFIED,SATISFIED,SATISFIED,SATISFIED,SATISFIED,SATISFIED,SATISFIED
TRN-3,SATISFIED,SATISFIED,SATISFIED,SATISFIED,SATISFIED,SATISFIED,SATISFIED,SATISFIED,SATISFIED,SATISFIED,SATISFIED,SATISFIED
RPT-1,PARTIAL,SATISFIED,SATISFIED,PARTIAL,SATISFIED,SATISFIED,PARTIAL,SATISFIED,SATISFIED,PARTIAL,SATISFIED,SATISFIED
RPT-2,PROJECT,SATISFIED,SATISFIED,PROJECT,SATISFIED,SATISFIED,PROJECT,SATISFIED,SATISFIED,PROJECT,SATISFIED,SATISFIED
RPT-3,PROJECT,PROJECT,PROJECT,PROJECT,PROJECT,PROJECT,PROJECT,PROJECT,PROJECT,PROJECT,PROJECT,PROJECT
BSD-1,PARTIAL,SATISFIED,SATISFIED,PARTIAL,SATISFIED,SATISFIED,PARTIAL,SATISFIED,SATISFIED,PARTIAL,SATISFIED,SATISFIED
BSD-2,PROJECT,PROJECT,PROJECT,PROJECT,PROJECT,PROJECT,PROJECT,PROJECT,PROJECT,PROJECT,PROJECT,PROJECT
BSD-3,PROJECT,SATISFIED,SATISFIED,PROJECT,SATISFIED,SATISFIED,PROJECT,SATISFIED,SATISFIED,PROJECT,SATISFIED,SATISFIED
BSD-4,PARTIAL,SATISFIED,SATISFIED,PARTIAL,SATISFIED,SATISFIED,PARTIAL,SATISFIED,SATISFIED,PARTIAL,SATISFIED,SATISFIED
DEP-1,SATISFIED,SATISFIED,SATISFIED,SATISFIED,SATISFIED,SATISFIED,SATISFIED,SATISFIED,SATISFIED,SATISFIED,SATISFIED,SATISFIED
REL-1,PROJECT,SATISFIED,SATISFIED,PROJECT,SATISFIED,SATISFIED,PROJECT,SATISFIED,SATISFIED,PROJECT,SATISFIED,SATISFIED
REL-2,PROJECT,SATISFIED,SATISFIED,PROJECT,SATISFIED,SATISFIED,PROJECT,SATISFIED,SATISFIED,PROJECT,SATISFIED,SATISFIED
