id,group,stride,stage,artifact_family,artifact,boundary,attacker_capability,attacker_precondition,security_property,consequence,evidence_requirement,evidence_source,detection_evidence,mitigation,mitigation_family,external_mapping
SIP-1,Source/IP,Spoofing,HDL/IP input,F1,Third-party IP,External IP provider/repository to project,Present an IP package under a misleading provider identity or approval status.,"Ability to publish, mirror, or substitute a third-party IP package",Authenticity,Untrusted logic enters synthesis as a trusted hardware component,Provider identity; package digest; signed release; IP intake review,P,Provider identity check; package digest mismatch; dependency manifest review,Supplier/IP assurance,Source and IP provenance review,SSDF supplier review; HBOM/SBOM component identity
SIP-2,Source/IP,Tampering,HDL/IP input,F1,HDL or IP source,Repository/package/workspace to synthesis input,"Modify HDL, packaged IP, or IP metadata before synthesis.","Write access to HDL/IP source, package cache, or workspace",Integrity,Reviewed design intent diverges from synthesized hardware behavior,Source digest; review record; dependency/IP metadata manifest,G,Source digest; code review record; synthesis input manifest,Source integrity,Source and IP provenance review,SSDF change control; SLSA provenance
SIP-3,Source/IP,Information Disclosure,HDL/IP input,F1,Proprietary HDL/IP,Repository/build storage/export boundary,"Read or export proprietary HDL/IP from repositories, build storage, or release bundles.","Read access to repository, build artifacts, or release storage",Confidentiality,Proprietary hardware structure or IP composition is exposed,Access log; repository policy; export record,P,Repository access log; artifact download log; export record,Confidentiality control,Source and IP provenance review,SSDF data protection; HBOM/SBOM access governance
SIM-1,Simulation,Tampering/Repudiation,Simulation,F2,Verification collateral,Design model to verification evidence,"Modify testbenches, golden vectors, simulation models, scripts, logs, or simulation reports.","Write access to testbenches, golden vectors, simulation models, expected-output files, or simulation logs",Integrity; Non-repudiation,Verification evidence no longer corresponds to the reviewed design or cannot justify downstream signoff decisions,Testbench digest; simulation log; expected-result manifest,D,Verification collateral digest; simulation command/log; expected-result manifest; review record,Verification evidence integrity,Simulation-evidence integrity and retention,SSDF verification evidence; SLSA provenance
SIM-2,Simulation,Information Disclosure/Tampering,Simulation,F2,Simulation results and waveform evidence,Simulation-result store to verification/signoff evidence,"Read, alter, omit, or relabel simulation-result files, waveform records, simulator logs, or coverage/result evidence.","Read or write access to simulation results, waveform files, result logs, coverage records, or simulator-written evidence",Confidentiality; Integrity,"Simulation-result evidence can be leaked, altered, omitted, or disconnected from reviewed verification evidence",Result manifest; waveform/log digest; simulation command; access log,D,Result manifest; waveform/log digest; simulation command; access log,Simulation evidence confidentiality and integrity,Simulation-evidence integrity and retention,SSDF verification evidence; SLSA provenance
CFG-1,Configuration,Tampering,Constraints and configuration,F3,"Timing, pin, placement, or exception constraints",Design-review intent to tool invocation,"Alter XDC/SDC/PDC/FDC/NDC constraints, timing exceptions, pin constraints, or waivers without review evidence.","Write access to timing, pin, placement, or device constraints",Integrity,Hardware implementation and signoff assumptions change without HDL changes,Constraint digest; change rationale; approval record; exception/waiver record,G,Constraint digest; target-device record; approval record,Configuration governance,Constraint and configuration change control,SSDF configuration management
CFG-2,Configuration,Tampering,Constraints and configuration,F3,Tool options/scripts,Configuration authority to transformation run,"Alter scripts, tool options, seeds, hierarchy controls, security options, or implementation settings.","Ability to modify tool options, scripts, seeds, or project settings",Integrity,Transformation behavior changes while sources appear unchanged,Command manifest; option snapshot; tool version; security-option record,G,Command manifest; option snapshot; tool version record,Build recipe integrity,Reproducible transformation manifests,SLSA build provenance; in-toto layout
CFG-3,Configuration,Denial of Service,Constraints and configuration,F3,Timing/resource objectives,Configuration authority to implementation feasibility,"Introduce constraints/settings that cause repeated timing, routing, or resource failures.",Ability to alter constraints or options that affect timing/resource closure,Availability,Build or release is delayed through repeated timing/resource failure,Constraint history; build-resource log; failure record,G,Failure logs; constraint history; resource-utilization reports,Availability governance,Constraint and configuration change control,SSDF change review
TENV-1,Tool environment,Spoofing/Tampering,Cross-cutting (tool environment),F3,"Tool binary, plugin, Tcl package, or build container",Toolchain environment to artifact transformation run,"Substitute or alter the EDA executable, plugin, Tcl package, IP generator, or build container used to produce artifacts.","Ability to substitute or alter an EDA executable, plugin, Tcl package, IP generator, runner image, or build container",Authenticity; Integrity,"Generated netlists, reports, or bitstreams may derive from an unapproved tool environment while inputs appear unchanged",Tool/image digest; installation manifest; plugin/package digest; runner provenance; tool-version attestation,D,Tool/image digest; installation manifest; plugin/package digest; runner provenance; tool-version attestation,Toolchain environment provenance,Tool/license/version provenance,SLSA builder provenance; in-toto layout; SSDF toolchain integrity
TENV-2,Tool environment,Repudiation/Denial of Service,Cross-cutting (tool environment),F3,License state or license source,License source/state to tool or IP availability,"Change, hide, omit, or fail to record license-source or license-state evidence for a tool or IP-dependent build step.","Ability to change, hide, omit, or fail to record license-source or license-state evidence for a tool or IP-dependent build step",Availability; Non-repudiation,Tool or IP-generation availability and build authorization cannot be explained after the run,License file/server record; license report; feature log; build log,D,License file/server record; license report; feature log; build log,Tool/license provenance and availability,Tool/license/version provenance,SSDF configuration management; SCRM dependency provenance
TENV-3,Tool environment,Tampering/Repudiation,Cross-cutting (tool environment),F3,Tool/IP version or update state,Tool/IP version state to generated artifact lineage,"Change, downgrade, upgrade, or omit the tool/IP version state used to generate FPGA artifacts.","Ability to change, downgrade, upgrade, or omit tool/IP version or update-state evidence used to generate FPGA artifacts",Integrity; Non-repudiation,"Artifacts may be generated with unexpected tool, IP-generator, or database-version state while source and constraints appear unchanged",Tool version; IP status or upgrade log; installation manifest; database-version record,D,Tool version; IP status or upgrade log; installation manifest; database-version record,Tool and IP version provenance,Tool/license/version provenance,SLSA provenance; in-toto step attestation; SSDF configuration management
TRN-1,Transformation,Tampering,Synthesis,F4,Netlist/checkpoint,RTL/HLS/source to generated representation,"Modify or substitute generated netlists, synthesized design checkpoints, or equivalent intermediate outputs.",Ability to replace or edit generated netlists or checkpoints,Integrity,Intermediate representation no longer derives from approved source and constraints,Input-output digest chain; synthesis log,G,Input-output digest chain; synthesis log; checkpoint digest,Transformation integrity,Reproducible transformation manifests,SLSA provenance; in-toto step attestation
TRN-2,Transformation,Tampering,Placement and routing,F4,Implementation state,Synthesis output to place-and-route state,"Reuse stale implementation state or alter checkpoints, seeds, route databases, or option history.",Ability to reuse stale implementation state or alter implementation database/seed,Integrity,Placed-and-routed state may not correspond to approved inputs,Seed/options manifest; checkpoint digest; route lineage,G,Checkpoint digest; seed/options manifest; route lineage,Implementation lineage,Protected intermediate artifacts,SLSA reproducible build evidence
TRN-3,Transformation,Denial of Service,Placement and routing,F4,Routing/implementation state,Implementation authority to build completion,"Drive implementation into resource exhaustion, routing failure, or pathological runtime through constraints/settings.","Ability to influence routing constraints, seeds, or resource pressure",Availability,Implementation cannot complete or repeatedly misses closure,Build-resource log; options history; route failure record,G,Route failure record; resource log; options history,Build availability control,Protected intermediate artifacts,SSDF build integrity
RPT-1,Report,Tampering,Report generation,F5,Signoff reports,Tool output to human signoff/release decision,"Modify, suppress, regenerate, or replace timing, utilization, DRC, power, exception, or signoff reports.","Ability to edit, suppress, regenerate, or replace generated signoff reports",Integrity,"Release decision relies on false timing, DRC, CDC, or utilization evidence",Report digest; generator command; timestamp; exception/waiver record,G,Report digest; generator command; timestamp; report-to-artifact link,Report integrity,Signed and immutable reports,SSDF verification evidence
RPT-2,Report,Repudiation,Report generation,F5,Build lineage,Generated artifact to release/audit boundary,"Trigger or publish builds without durable linkage among source, constraints, options, tool identity, reports, and approval.","Missing or deletable build, approval, or artifact lineage records",Non-repudiation,"Released bitstream cannot be traced to source, constraints, options, reports, and approval",Source-to-bitstream digest chain; CI identity; tool/image identity; attestation,P,Source-to-bitstream digest chain; CI identity; attestation,Provenance and auditability,Release-manifest attestation,SLSA provenance; in-toto
RPT-3,Report,Information Disclosure,Report generation,F5,Reports/logs,Report archive/release boundary,"Read reports/logs from build storage, report archives, or release bundles beyond intended recipients.",Read access to detailed reports or logs outside intended release scope,Confidentiality,"Timing paths, resource structure, IP composition, or constraints reveal design details",Report permissions; access logs; release classification,P,Report access logs; release classification; download records,Report confidentiality,Signed and immutable reports,SSDF information protection
BSD-1,Bitstream,Spoofing/Tampering,Bitstream generation,F6,Bitstream or programming file,Release artifact to programming input,"Replace, relabel, replay, downgrade, or substitute a bitstream/programming file before release or programming.",Ability to substitute or relabel bitstream/programming artifact before release or programming,Authenticity; Integrity,Device can be configured with a hardware image not tied to approved design evidence,Bitstream digest; signature where configured; release manifest; programming log; rollback record,G,Bitstream digest; signature verification; release manifest; programming log,Bitstream identity,Bitstream signing and key separation,FPGA security guidance; SLSA release provenance
BSD-2,Bitstream,Information Disclosure,Bitstream generation,F6,Bitstream/key material,Artifact storage/release boundary,"Read bitstreams, signing material, encryption material, debug metadata, or release bundles.","Read access to bitstreams, signing material, encryption material, or release bundle",Confidentiality,Configuration image or key material leaks from storage or release process,Key-handling record; access log; encryption status; debug metadata classification,D,Key access log; artifact download log; encryption status,Bitstream confidentiality,Bitstream signing and key separation,FPGA security guidance; SSDF secrets management
BSD-3,Bitstream,Elevation of Privilege,Bitstream generation,F6,Signing/release authority,CI/release/signing authority boundary,"Use signing, approval, promotion, or release authority outside the intended FPGA artifact workflow.","Access to signing service, release role, approval token, or release credential",Authorization,"A bitstream can be signed, promoted, or released without the intended release authority",Signer identity; approval record; release manifest,P,Signer identity; approval record; release manifest; protected-environment log,Release authorization,"Separation of build, signing, release, and programming duties",SLSA provenance; in-toto; SSDF access control
BSD-4,Deployment,Spoofing/Elevation of Privilege,Programming and deployment,F6,Programming target/deployment log,Release system to programming target,"Program an unauthorized target, spoof target identity, or alter/delete programming records.","Ability to program a target, spoof target identity, or alter/delete programming records",Authenticity; Authorization,A released artifact can be programmed to the wrong or unauthorized FPGA target,Target identity; programmer identity; programming log; rollback record,P,Target identity; programmer identity; programming log; rollback record,Programming authorization,Target authentication with deployment logging,FPGA configuration guidance; SSDF access control; deployment audit logging
DEP-1,Deployment,Tampering/Information Disclosure,Programming and deployment,F6,Programming readback/status/debug evidence,Programming/debug evidence to deployment audit boundary,"Alter, delete, omit, or disclose programming-status, readback/verify, or debug-capture evidence.","Access to programming status, readback/verify data, debug-capture evidence, or deployment audit logs",Integrity; Confidentiality,Deployment accountability weakens or debug/readback evidence leaks implementation-sensitive state,Readback/status log; verify command; debug capture digest; access log,D,Readback/status log; verify command; debug-capture digest; access log,Programming and debug evidence integrity/confidentiality,Protected readback/status evidence,FPGA configuration guidance; SSDF logging and data protection
REL-1,Release automation,Repudiation,Release-automation layer,F7,Release manifest,Build/release artifact authority boundary,"Release artifacts without complete manifests, workflow identity, digest sets, or approval records.","Release process lacks durable manifest, attestation, workflow identity, or artifact retention",Non-repudiation,"Released FPGA artifacts cannot be audited back to source, constraints, tool identity, reports, bitstream, and approval",Workflow identity; artifact digest set; tool identity; attestation,P,Workflow identity; artifact digest set; tool identity; release attestation,Release provenance,Release-manifest attestation,SLSA provenance; in-toto; SBOM/HBOM
REL-2,Release automation,Elevation of Privilege,Release-automation layer,F7,Release pipeline,Release-automation service-account/release boundary,"Abuse release-automation service accounts, runners, tokens, protected environments, or release jobs affecting FPGA artifacts.","Release-automation actor or service account has excessive build, sign, release, overwrite, or routing authority",Authorization,"Automated pipeline can publish, sign, overwrite, or route FPGA configuration artifacts toward deployment outside the intended workflow",Release approval; signing event; service account identity; protected-environment record,P,Release approval; signing event; service-account identity; protected-environment record,Pipeline authorization,Release-automation least privilege,SSDF access control; SLSA builder identity; in-toto layout
