build,field,expected,source
cdc_ref/zybo,tool_version,v2025.2,"cdc_ref.runs/impl_1/runme.log:7 ""Vivado v2025.2 (64-bit)"""
cdc_ref/zybo,device,xc7z020clg400-1,"cdc_ref.xpr:220 Part=""xc7z020clg400-1"""
cdc_ref/zybo,timing_met,True,"reports/timing_summary.rpt:149 ""All user specified timing constraints are met."""
cdc_ref/zybo,wns,6.355,reports/timing_summary.rpt:146 WNS(ns) column
cdc_ref/zybo,bitstream,cdc_ref.bit,build directory listing
cdc_ref/zybo,license,Implementation;Synthesis,"runme.log ""Got license for feature"" lines"
cdc_ref/zybo,constraints,cdc.xdc;pins.xdc;sync.xdc,cdc_ref.xpr:134/140/146 File Path entries
cdc_ref/zybo,sources,async_fifo.v;board_top.v;cdc_ref_core.v;clk_gen.v;reset_sync.v,cdc_ref.xpr File Path entries (.v)
cdc_ref/zybo,ip,xilinx.com:ip:clk_wiz:6.0,clk_wiz_0.xci
cdc_ref/c10lp,tool_version,25.1std.0 Build 1129,"cdc_ref.flow.rpt:3 ""Quartus Prime Version 25.1std.0 Build 1129"""
cdc_ref/c10lp,device,10CL025YU256I7G,cdc_ref.qsf:41 DEVICE
cdc_ref/c10lp,timing_met,True,cdc_ref.sta.rpt:2348 Worst-case Slack setup 5.968 hold 0.172
cdc_ref/c10lp,wns,5.968,cdc_ref.sta.rpt:2348 Worst-case Slack (setup)
cdc_ref/c10lp,bitstream,cdc_ref.jic,build directory listing (flash programming file written by the build)
cdc_ref/c10lp,license,,no licensed-feature record in any report (legal notices only)
cdc_ref/c10lp,constraints,cdc.sdc;clocks.sdc;qsf:assignments,cdc_ref.qsf:51-52 SDC_FILE + location/instance assignments
cdc_ref/c10lp,sources,async_fifo.v;board_top.v;cdc_ref_core.v;clk_gen.v;reset_sync.v,cdc_ref.qsf VERILOG_FILE entries
cdc_ref/c10lp,ip,altera:altpll:25.1,cdc_ref.map.rpt Parameter Settings for User Entity Instance clk_gen:u_clk|altpll:u_pll
cdc_ref/disco,tool_version,2025.2.0.14,cdc_ref.prjx:2 KEY CAPTURE
cdc_ref/disco,device,PA5SOC095T,cdc_ref.prjx:11 KEY VendorTechnology_Die
cdc_ref/disco,timing_met,True,designer/board_top/board_top_has_violations (max and min multi-corner met)
cdc_ref/disco,wns,8.633,board_top_max_timing_multi_corner.xml Summary: min(OUT0 8.633; OUT1 8.901)
cdc_ref/disco,bitstream,export/cdc_ref.job,export directory listing
cdc_ref/disco,license,synplifypro_actel,"synthesis/synplify.log:32 ""License checkout: synplifypro_actel"""
cdc_ref/disco,constraints,cdc.sdc;pins.pdc,constraint/cdc.sdc + constraint/io/pins.pdc (derived constraints are generated)
cdc_ref/disco,sources,hdl/async_fifo.v;hdl/board_top.v;hdl/cdc_ref_core.v;hdl/clk_gen.v;hdl/reset_sync.v,hdl/ directory listing
cdc_ref/disco,ip,Actel:SgCore:PF_CCC:2.2.222,component/work/PF_CCC_C0/PF_CCC_C0.cxf vault path
discovery_ref/disco,tool_version,2025.2.0.14,MPFS_DISCOVERY.prjx KEY CAPTURE
discovery_ref/disco,device,PA5SOC095T,MPFS_DISCOVERY.prjx KEY VendorTechnology_Die
discovery_ref/disco,timing_met,True,designer/*_has_violations (max and min multi-corner met)
discovery_ref/disco,wns,3.832,max_timing_multi_corner.xml Summary: min(OUT0 3.832; OUT3 4.100)
discovery_ref/disco,bitstream,export/MPFS_DISCOVERY.job,export directory listing
discovery_ref/disco,license,synplifypro_actel,"synthesis/synplify.log ""License checkout: synplifypro_actel"""
discovery_ref/disco,constraints,MPFS_DISCOVERY_7_SEG.pdc;MPFS_DISCOVERY_KIT_BANK_SETTINGS.pdc;MPFS_DISCOVERY_KIT_BOARD_MISC.pdc;MPFS_DISCOVERY_MAC.pdc;MPFS_DISCOVERY_RPi.pdc;MPFS_DISCOVERY_UARTS.pdc;MPFS_DISCOVERY_mikroBUS.pdc;SW_PLL.pdc,designer/MPFS_DISCOVERY_KIT/run_placer.def PDC_FILE entries (the PDC files the placer read; MPFS_DISCOVERY_I2C_LOOPBACK.pdc is in constraint/io but associated with no tool; derived constraints are generated)
discovery_ref/disco,sources,hdl/APB_PASS_THROUGH.v;hdl/apb_arbiter.v;smartdesign/CLOCKS_AND_RESETS;smartdesign/CORE_I2C_C0_0_WRAPPER;smartdesign/FIC_0_PERIPHERALS;smartdesign/FIC_3_ADDRESS_GENERATION;smartdesign/FIC_3_PERIPHERALS;smartdesign/MPFS_DISCOVERY_KIT;smartdesign/MSS_WRAPPER,hdl/ directory listing; component/work/*/*.cxf with <category>SmartCoreDesign</category>
discovery_ref/disco,ip,Actel:DirectCore:COREAXI4DMACONTROLLER:2.2.107;Actel:DirectCore:COREAXI4INTERCONNECT:2.9.100;Actel:DirectCore:COREAXI4SRAM:3.0.102;Actel:DirectCore:COREI2C:7.2.101;Actel:DirectCore:CORERESET_PF:2.3.100;Actel:DirectCore:CORESPI:5.2.104;Actel:DirectCore:CoreAPB3:4.2.100;Actel:DirectCore:CoreGPIO:3.2.102;Actel:DirectCore:CoreUARTapb:5.7.100;Actel:DirectCore:corepwm:4.5.100;Actel:SgCore:PF_CCC:2.2.222;Actel:SgCore:PF_DRI:1.1.104;Microchip:MSS:PFSOC_MSS;Microchip:MiV:MIV_IHC:2.0.100;Microsemi:SgCore:PFSOC_INIT_MONITOR:1.0.309,component/work/*/*.cxf vault paths; SmartDesign compositions and the MSS configuration are not vault cores; component/work/MPFS_DISCOVERY_KIT_MSS/MPFS_DISCOVERY_KIT_MSS.cfg (MSS configuration)
cdc_ref/zybo_open,tool_version,Yosys 0.63+173; nextpnr-xilinx a9ceeec,"yosys.log:7 ""Yosys 0.63+173""; build.log:2 ""(Version a9ceeec)"""
cdc_ref/zybo_open,device,xc7z020clg400-1,build.log:793 xc7frames2bit --part_name
cdc_ref/zybo_open,timing_met,True,"nextpnr.log:756-757 ""PASS at 75.00 MHz"", ""PASS at 100.00 MHz"""
cdc_ref/zybo_open,wns,6.577,"nextpnr.log:756-757, derived: min over clocks of 1000/constraint - 1000/achieved (MHz)"
cdc_ref/zybo_open,bitstream,cdc_ref.bit,build directory listing
cdc_ref/zybo_open,license,,no license checkout in any log
cdc_ref/zybo_open,constraints,cdc.xdc;pins.xdc,pnr.args --xdc entries
cdc_ref/zybo_open,sources,async_fifo.v;board_top.v;cdc_ref_core.v;clk_gen.v;reset_sync.v,synth.ys:1-5 read_verilog
cdc_ref/zybo_open,ip,,synth.ys: no IP core (PLLE2_BASE primitive in clk_gen.v)
zybo_hdmi/zybo,tool_version,v2025.2,"zybo-20-hw.runs/impl_1/runme.log:7 ""Vivado v2025.2 (64-bit)"""
zybo_hdmi/zybo,device,xc7z020clg400-1,"zybo-20-hw.xpr:401 Part=""xc7z020clg400-1"""
zybo_hdmi/zybo,timing_met,True,"reports/timing_summary.rpt:152 ""All user specified timing constraints are met."""
zybo_hdmi/zybo,wns,0.686,reports/timing_summary.rpt:149 WNS(ns) column
zybo_hdmi/zybo,bitstream,zybo-20-hw.runs/impl_1/design_1_wrapper.bit,build directory listing
zybo_hdmi/zybo,license,Implementation;Synthesis,"zybo-20-hw.runs/*/runme.log ""Got license for feature"" lines"
zybo_hdmi/zybo,constraints,Zybo-Z7-Master.xdc,zybo-20-hw.xpr:188 constrs_1 File Path entry
zybo_hdmi/zybo,sources,archive_project_summary.txt;design_1.bd;design_1_wrapper.v,"zybo-20-hw.xpr:95,96,172 sources_1 File Path entries"
zybo_hdmi/zybo,ip,digilentinc.com:ip:axi_dynclk:1.1;digilentinc.com:ip:dvi2rgb:2.0;digilentinc.com:ip:rgb2dvi:1.4;xilinx.com:ip:axi_crossbar:2.1;xilinx.com:ip:axi_gpio:2.0;xilinx.com:ip:axi_interconnect:2.1;xilinx.com:ip:axi_protocol_converter:2.1;xilinx.com:ip:axi_register_slice:2.1;xilinx.com:ip:axi_vdma:6.3;xilinx.com:ip:axis_subset_converter:1.1;xilinx.com:ip:proc_sys_reset:5.0;xilinx.com:ip:processing_system7:5.5;xilinx.com:ip:v_axi4s_vid_out:4.0;xilinx.com:ip:v_tc:6.2;xilinx.com:ip:v_vid_in_axi4s:5.0;xilinx.com:ip:xlconcat:2.1;xilinx.com:ip:xlconstant:1.1,"zybo-20-hw.srcs/sources_1/bd/design_1/design_1.bd ""vlnv"" entries of the 27 IP cells (xilinx.com:ip, digilentinc.com:ip)"
c10lp_multiproc/c10lp,tool_version,25.1std.0 Build 1129,"top_level.flow.rpt:3 ""Quartus Prime Version 25.1std.0 Build 1129"""
c10lp_multiproc/c10lp,device,10CL025YU256I7G,top_level.qsf:41 DEVICE
c10lp_multiproc/c10lp,timing_met,True,"top_level.sta.rpt:146 Setup Summary 4.718 (clkin_50), :156 Hold Summary 0.356 (clkin_50); multicorner analysis off (top_level.qsf:89)"
c10lp_multiproc/c10lp,wns,4.718,"top_level.sta.rpt:146 Setup Summary, clkin_50"
c10lp_multiproc/c10lp,bitstream,top_level.jic,build directory listing (flash programming file written by the build)
c10lp_multiproc/c10lp,license,,no licensed-feature record in any report (legal notices only)
c10lp_multiproc/c10lp,constraints,multiprocessor_tutorial.sdc;qsf:assignments,top_level.qsf:98 SDC_FILE + 15 location/instance assignments
c10lp_multiproc/c10lp,sources,altera_avalon_jtag_uart.sv;altera_avalon_jtag_uart_scfifo_r.sv;altera_avalon_jtag_uart_scfifo_w.sv;altera_avalon_mm_bridge.v;altera_avalon_sc_fifo.v;altera_avalon_st_clock_crosser.v;altera_avalon_st_handshake_clock_crosser.v;altera_avalon_st_pipeline_base.v;altera_merlin_arbitrator.sv;altera_merlin_axi_master_ni.sv;altera_merlin_burst_uncompressor.sv;altera_merlin_master_agent.sv;altera_merlin_master_translator.sv;altera_merlin_slave_agent.sv;altera_merlin_slave_translator.sv;altera_merlin_traffic_limiter.sv;altera_reset_controller.v;altera_reset_synchronizer.v;altera_std_synchronizer_nocut.v;csr_mlab.mif;debug_rom.mif;global_reset_generator.v;multiprocessor_tutorial_main_system.qsys;multiprocessor_tutorial_main_system.v;multiprocessor_tutorial_main_system_cpu_top.v;multiprocessor_tutorial_main_system_cpu_top_hart.sv;multiprocessor_tutorial_main_system_cpu_top_irq_mapper.sv;multiprocessor_tutorial_main_system_irq_mapper.sv;multiprocessor_tutorial_main_system_mm_interconnect_0.v;multiprocessor_tutorial_main_system_mm_interconnect_0_avalon_st_adapter.v;multiprocessor_tutorial_main_system_mm_interconnect_0_avalon_st_adapter_error_adapter_0.sv;multiprocessor_tutorial_main_system_mm_interconnect_0_cmd_demux.sv;multiprocessor_tutorial_main_system_mm_interconnect_0_cmd_demux_002.sv;multiprocessor_tutorial_main_system_mm_interconnect_0_cmd_demux_007.sv;multiprocessor_tutorial_main_system_mm_interconnect_0_cmd_mux.sv;multiprocessor_tutorial_main_system_mm_interconnect_0_cmd_mux_001.sv;multiprocessor_tutorial_main_system_mm_interconnect_0_cmd_mux_002.sv;multiprocessor_tutorial_main_system_mm_interconnect_0_cmd_mux_003.sv;multiprocessor_tutorial_main_system_mm_interconnect_0_cmd_mux_006.sv;multiprocessor_tutorial_main_system_mm_interconnect_0_router.sv;multiprocessor_tutorial_main_system_mm_interconnect_0_router_002.sv;multiprocessor_tutorial_main_system_mm_interconnect_0_router_004.sv;multiprocessor_tutorial_main_system_mm_interconnect_0_router_007.sv;multiprocessor_tutorial_main_system_mm_interconnect_0_router_008.sv;multiprocessor_tutorial_main_system_mm_interconnect_0_router_009.sv;multiprocessor_tutorial_main_system_mm_interconnect_0_router_010.sv;multiprocessor_tutorial_main_system_mm_interconnect_0_router_011.sv;multiprocessor_tutorial_main_system_mm_interconnect_0_router_012.sv;multiprocessor_tutorial_main_system_mm_interconnect_0_router_013.sv;multiprocessor_tutorial_main_system_mm_interconnect_0_router_014.sv;multiprocessor_tutorial_main_system_mm_interconnect_0_router_015.sv;multiprocessor_tutorial_main_system_mm_interconnect_0_router_016.sv;multiprocessor_tutorial_main_system_mm_interconnect_0_rsp_demux.sv;multiprocessor_tutorial_main_system_mm_interconnect_0_rsp_demux_001.sv;multiprocessor_tutorial_main_system_mm_interconnect_0_rsp_demux_002.sv;multiprocessor_tutorial_main_system_mm_interconnect_0_rsp_demux_003.sv;multiprocessor_tutorial_main_system_mm_interconnect_0_rsp_demux_006.sv;multiprocessor_tutorial_main_system_mm_interconnect_0_rsp_mux.sv;multiprocessor_tutorial_main_system_mm_interconnect_0_rsp_mux_002.sv;multiprocessor_tutorial_main_system_mm_interconnect_0_rsp_mux_007.sv;multiprocessor_tutorial_main_system_onchip_memory.hex;multiprocessor_tutorial_main_system_onchip_memory.v;multiprocessor_tutorial_main_system_philosopher_one.v;multiprocessor_tutorial_main_system_philosopher_one_chopstick_mutex.v;multiprocessor_tutorial_main_system_philosopher_one_cpu_one.v;multiprocessor_tutorial_main_system_philosopher_one_cpu_one_hart.sv;multiprocessor_tutorial_main_system_philosopher_one_mm_interconnect_0.v;multiprocessor_tutorial_main_system_philosopher_one_mm_interconnect_0_cmd_demux.sv;multiprocessor_tutorial_main_system_philosopher_one_mm_interconnect_0_cmd_demux_002.sv;multiprocessor_tutorial_main_system_philosopher_one_mm_interconnect_0_cmd_demux_004.sv;multiprocessor_tutorial_main_system_philosopher_one_mm_interconnect_0_cmd_mux.sv;multiprocessor_tutorial_main_system_philosopher_one_mm_interconnect_0_cmd_mux_001.sv;multiprocessor_tutorial_main_system_philosopher_one_mm_interconnect_0_cmd_mux_004.sv;multiprocessor_tutorial_main_system_philosopher_one_mm_interconnect_0_router.sv;multiprocessor_tutorial_main_system_philosopher_one_mm_interconnect_0_router_002.sv;multiprocessor_tutorial_main_system_philosopher_one_mm_interconnect_0_router_004.sv;multiprocessor_tutorial_main_system_philosopher_one_mm_interconnect_0_router_005.sv;multiprocessor_tutorial_main_system_philosopher_one_mm_interconnect_0_router_006.sv;multiprocessor_tutorial_main_system_philosopher_one_mm_interconnect_0_router_009.sv;multiprocessor_tutorial_main_system_philosopher_one_mm_interconnect_0_rsp_demux.sv;multiprocessor_tutorial_main_system_philosopher_one_mm_interconnect_0_rsp_demux_001.sv;multiprocessor_tutorial_main_system_philosopher_one_mm_interconnect_0_rsp_demux_004.sv;multiprocessor_tutorial_main_system_philosopher_one_mm_interconnect_0_rsp_mux.sv;multiprocessor_tutorial_main_system_philosopher_one_mm_interconnect_0_rsp_mux_002.sv;multiprocessor_tutorial_main_system_philosopher_one_mm_interconnect_0_rsp_mux_004.sv;multiprocessor_tutorial_main_system_philosopher_two.v;multiprocessor_tutorial_main_system_philosopher_two_cpu_two.v;multiprocessor_tutorial_main_system_philosopher_two_cpu_two_hart.sv;multiprocessor_tutorial_main_system_philosopher_two_mm_interconnect_0.v;multiprocessor_tutorial_main_system_philosopher_zero.v;multiprocessor_tutorial_main_system_philosopher_zero_cpu_zero.v;multiprocessor_tutorial_main_system_philosopher_zero_cpu_zero_hart.sv;multiprocessor_tutorial_main_system_philosopher_zero_mm_interconnect_0.v;multiprocessor_tutorial_main_system_sysid_qsys.v;multiprocessor_tutorial_main_system_timer_top.v;philosopher_one.qsys;philosopher_two.qsys;philosopher_zero.qsys;top_level.v,top_level.map.rpt:1009 Source Files Read (93 User files and the Auto-Found top_level.v and global_reset_generator.v) + the system .qsys (qip:13) and its three subsystem .qsys
c10lp_multiproc/c10lp,ip,altera:altera_avalon_jtag_uart:25.1;altera:altera_avalon_mm_bridge:25.1;altera:altera_avalon_mutex:25.1;altera:altera_avalon_onchip_memory2:25.1;altera:altera_avalon_sysid_qsys:25.1;altera:altera_avalon_timer:25.1;altera:clock_source:25.1;altera:intel_niosv_m:26.0.0,multiprocessor_tutorial_main_system.sopcinfo module entries (30 IP instances; the three subsystems excluded)
picosoc_zybo/zybo_open,tool_version,Yosys 0.63+173; nextpnr-xilinx a9ceeec,"yosys.log:7 ""Yosys 0.63+173""; build.log:2 ""(Version a9ceeec)"""
picosoc_zybo/zybo_open,device,xc7z020clg400-1,build.log:1334 xc7frames2bit --part_name
picosoc_zybo/zybo_open,timing_met,True,"nextpnr.log:1300 ""70.37 MHz (PASS at 50.00 MHz)"""
picosoc_zybo/zybo_open,wns,5.789,"nextpnr.log:1300, derived: 1000/50 - 1000/70.37"
picosoc_zybo/zybo_open,bitstream,picosoc_zybo.bit,build directory listing
picosoc_zybo/zybo_open,license,,no license checkout in any log
picosoc_zybo/zybo_open,constraints,clocks.xdc;pins.xdc,pnr.args --xdc entries
picosoc_zybo/zybo_open,sources,board_top.v;clk_gen.v;picorv32.v;picosoc.v;simpleuart.v;spimemio.v,synth.ys:1-6 read_verilog
picosoc_zybo/zybo_open,ip,,synth.ys: no IP core (PLLE2_BASE primitive in clk_gen.v)
