field,vivado,quartus_std,libero,open_flow,effect_on_extraction,handling
tool identity,"runme.log banner ""Vivado v2025.2""","flow.rpt ""Quartus Prime Version 25.1std.0 Build 1129""","project file KEY CAPTURE ""2025.2.0.14""","Yosys log banner ""Yosys 0.63+173""; nextpnr-xilinx --version in the build log",four formats for one field,adapter regex per vendor
worst setup slack,one design-wide WNS in timing_summary.rpt,design-wide worst-case slack row (setup and hold) in sta.rpt,one worst slack per clock domain in an XML summary,no slack: achieved and constrained frequency per clock in report.json,"Libero needs the minimum over clock domains; taking the first row is correct only by chance; the open flow reports frequencies, so slack is derived",min over clock rows
timing met,"one sentence ""All user specified timing constraints are met""",numeric slacks per corner (setup and hold),flags per corner in *_has_violations (max and min),every clock reaches its constrained frequency; paths between clocks are reported but not constrained,"""met"" must include hold for Quartus and Libero; in the open flow ""met"" does not cover clock crossings",adapter combines setup and hold
licensed features,"""Got license for feature"" lines in runme.log",no licensed-feature record in build outputs,"""License checkout"" in the synthesis tool's own log (synplify.log)",none (no license),record location differs; Quartus provides none,TENV-2 is PARTIAL for Vivado/Libero and PROJECT for Quartus and the open flow
IP identity,.xci file with VLNV; cells of block designs (.bd) at every level of the hierarchy,"modules of Platform Designer systems (.qsys, nested systems included); other megafunctions only as parameters in the synthesis report",core vault path in .cxf; vault namespaces Actel / Microsemi / Microchip; MSS configuration in .cfg; SmartDesign netlists hold the hierarchy,no IP cores; the PLL is a device primitive in the HDL,an extractor keyed on one namespace misses cores (2 of 14 core types on the Discovery reference design); one that reads only the project file misses IP inside system descriptions; one that hashes only the Libero instance configuration file misses a changed core parameter,"match all three namespaces; read .bd, .qsys, SmartDesign netlists, and the MSS .cfg; digest system descriptions as design sources; digest the Libero component configuration file with the instance file"
constraint files,project references repository files by relative path ($PPRDIR),SDC by relative path; pin and instance assignments inside the .qsf,copied into the project; tool generates a derived SDC with a generation timestamp,"--xdc arguments; only create_clock and pin properties are read, set_false_path, set_max_delay and set_bus_skew are ignored","derived SDC would change digest on every rebuild; Quartus pins are not a separate file; the open flow drops CDC exceptions with an informational message, so an added set_false_path does not change its configuration",derived SDC excluded; .qsf assignments digested as one constraint item
bitstream file,.bit header carries build date and time,.jic flash image without a timestamp,.job container; tool prints fabric and whole-bitstream digests,.bit header carries build date and time,"a rebuild from identical inputs reproduces the configuration in every flow and the programming file only under Quartus",release binds the exact file; determinism reported separately (RQ2)
device verification,masked configuration readback,"configuration flash programmed from a .jic and verified by CRC",array verify and device digest check,"readback compared with the bitstream, user memory masked (UG470), with the Vivado Hardware Manager",each flow's verification result is read from its own log,DEP-1 SATISFIED in every flow when the verification passes
target identity,IDCODE,IDCODE,IDCODE and 128-bit device serial number (DSN),IDCODE,only PolarFire binds a release to one physical device,BSD-4 checks IDCODE and the serial where reported
tool options,"run and step settings, Tcl hooks in the .xpr; a random project Id is rewritten on every build",global assignments and flow scripts in the .qsf; the .qsf also records a project creation time,"per-tool parameters in tooldata/*_tools.xml, not in the project file; reopening and saving the project writes default-valued device options",no project file: synthesis script (synth.ys) and place-and-route arguments (pnr.args) kept by the build,an extractor reading only the project file misses a Libero place-and-route option change; volatile fields cause false alarms on rebuilds,"Vivado Id and Quartus creation time ignored; Libero options read from tooldata, defaults normalized; open-flow options read from its recipe files"
timing report,report header with date and command,report includes CPU load and the tool message log,XML summary with generation date,report.json without date; timing cannot be re-analyzed on a routed design,regenerating a report changes these parts only,"date, host, command, message, and load lines ignored"
files read by the HDL and other build files,"include and $readmem files may be .xpr entries or found on include directories; the synthesis log names $readmem files (Synth 8-3876), not includes; .xpr also lists disabled and simulation-only files","synthesis report lists every file read (Source Files Read), included headers as Auto-Found with the path where the build ran; a memory file named through a parameter appears only as that parameter's value",synthesis report names includes (@I) and data files (Opening data file); the project can list a constraint file that no tool uses,Yosys log names neither includes nor $readmem files,an extractor that reads only the project file list does not compare a design input that the HDL reads; the build directory also holds files that no record reads,"HDL scanned for include and $readmemh/b, followed through includes, with the files the synthesis report lists as read; disabled and simulation-only files skipped; per-flow artifact rules (egaudit/egaudit/artifacts.py) name evidence and tool byproducts; any other file leaves RPT-2 PARTIAL"
