board,units,ip_instances,egaudit_ip,hier_levels,logic_unit,logic_used,logic_available,files,bytes,vendor_build_s,exit_code,egaudit_mean_s,egaudit_sd_s
c10lp,2,23,23,3,LE,1591,24624,301,33854983,414.5,0,0.404,0.006
c10lp,10,79,79,3,LE,6655,24624,317,57755745,938.6,0,0.505,0.03
c10lp,20,152,152,3,LE,12956,24624,341,88272788,1711.0,0,0.607,0.045
c10lp,30,225,225,3,LE,19220,24624,365,118144887,2454.1,0,0.732,0.047
c10lp,36,270,270,3,LE,22972,24624,407,138260376,2958.0,0,0.792,0.039
disco,2,18,7,3,4LUT,1527,93516,407,42694527,298.4,0,0.103,0.002
disco,17,110,8,3,4LUT,9013,93516,433,74154189,504.5,0,0.108,0.002
disco,50,314,7,3,4LUT,25695,93516,491,143407283,1010.6,0,0.123,0.004
disco,100,624,7,3,4LUT,50490,93516,579,248804038,1528.6,0,0.143,0.005
disco,150,936,8,3,4LUT,76650,93516,694,359089626,1896.9,0,0.205,0.017
zybo,2,16,16,3,LUT,544,53200,265,18534531,187.1,0,0.106,0.002
zybo,17,108,108,3,LUT,4341,53200,745,36013791,259.5,0,0.396,0.023
zybo,50,312,312,3,LUT,12766,53200,1813,92975477,568.8,0,1.13,0.058
zybo,100,622,622,3,LUT,25534,53200,3438,153958116,1106.6,0,2.168,0.069
zybo,150,936,936,3,LUT,38319,53200,5093,214797915,1518.9,0,3.366,0.214
zybo_open,2,16,0,3,SLICE_LUTX,249,106400,11,24819761,10.0,0,0.016,0.0
zybo_open,17,108,0,3,SLICE_LUTX,557,106400,11,28698367,14.0,0,0.018,0.0
zybo_open,50,312,0,3,SLICE_LUTX,1236,106400,11,37152877,28.5,0,0.019,0.0
zybo_open,100,622,0,3,SLICE_LUTX,2263,106400,11,50466865,60.6,0,0.022,0.0
zybo_open,150,936,,,,,,,,26.8,1,,
