board,flow,lanes,logic_unit,logic_used,logic_available,ff_used,files,bytes,vendor_build_s,exit_code,egaudit_mean_s,egaudit_sd_s
c10lp,quartus,10,LE,1092,24624,758,108,24094648,25.3,0,0.13,0.01
c10lp,quartus,50,LE,4972,24624,3358,108,29621207,37.2,0,0.139,0.009
c10lp,quartus,120,LE,11764,24624,7908,108,39079984,67.2,0,0.128,0.003
c10lp,quartus,200,LE,19523,24624,13108,108,49454771,103.8,0,0.177,0.03
disco,libero,10,4LUT,452,93516,771,264,33618261,254.3,0,0.122,0.034
disco,libero,100,4LUT,3512,93516,6621,265,46875210,324.3,0,0.106,0.003
disco,libero,400,4LUT,13712,93516,26121,267,91917969,620.3,0,0.103,0.009
disco,libero,800,4LUT,27312,93516,52121,267,151691086,989.3,0,0.101,0.008
disco,libero,1150,4LUT,39212,93516,74871,267,203858379,1340.3,0,0.112,0.011
xcu25,vivado,1000,LUT,34045,522720,65109,145,178392046,1311.0,0,0.101,0.003
xcu25,vivado,5000,LUT,170044,522720,325109,146,507219704,3998.0,0,0.104,0.004
xcu25,vivado,12000,LUT,408045,522720,780109,145,910131422,21109.2,0,0.101,0.004
zybo,vivado,10,LUT,386,53200,759,146,13073487,222.9,0,0.069,0.006
zybo,vivado,100,LUT,3447,53200,6609,146,22399067,267.4,0,0.073,0.004
zybo,vivado,400,LUT,13647,53200,26109,146,50560019,388.5,0,0.067,0.002
zybo,vivado,800,LUT,27247,53200,52109,146,103194023,606.8,0,0.063,0.005
zybo,vivado,1300,LUT,44247,53200,84609,146,152000034,885.5,0,0.061,0.002
zybo_open,openxc7,10,SLICE_LUTX,1197,106400,759,11,30364093,17.7,0,0.019,0.002
zybo_open,openxc7,100,SLICE_LUTX,10107,106400,6609,11,84789795,82.3,0,0.021,0.001
zybo_open,openxc7,400,SLICE_LUTX,39806,106400,26109,11,265413062,395.6,0,0.022,0.001
