instance,tool,egaudit,match
design_1/axi_dynclk_0,digilentinc.com:ip:axi_dynclk:1.1,digilentinc.com:ip:axi_dynclk:1.1,1
design_1/axi_gpio_video,xilinx.com:ip:axi_gpio:2.0,xilinx.com:ip:axi_gpio:2.0,1
design_1/axi_interconnect_gp0,xilinx.com:ip:axi_interconnect:2.1,xilinx.com:ip:axi_interconnect:2.1,1
design_1/axi_interconnect_gp0/s00_couplers/auto_pc,xilinx.com:ip:axi_protocol_converter:2.1,xilinx.com:ip:axi_protocol_converter:2.1,1
design_1/axi_interconnect_gp0/xbar,xilinx.com:ip:axi_crossbar:2.1,xilinx.com:ip:axi_crossbar:2.1,1
design_1/axi_interconnect_hp0,xilinx.com:ip:axi_interconnect:2.1,xilinx.com:ip:axi_interconnect:2.1,1
design_1/axi_interconnect_hp0/m00_couplers/m00_regslice,xilinx.com:ip:axi_register_slice:2.1,xilinx.com:ip:axi_register_slice:2.1,1
design_1/axi_interconnect_hp0/s00_couplers/auto_pc,xilinx.com:ip:axi_protocol_converter:2.1,xilinx.com:ip:axi_protocol_converter:2.1,1
design_1/axi_interconnect_hp0/s00_couplers/s00_regslice,xilinx.com:ip:axi_register_slice:2.1,xilinx.com:ip:axi_register_slice:2.1,1
design_1/axi_interconnect_hp0/s01_couplers/auto_pc,xilinx.com:ip:axi_protocol_converter:2.1,xilinx.com:ip:axi_protocol_converter:2.1,1
design_1/axi_interconnect_hp0/s01_couplers/s01_regslice,xilinx.com:ip:axi_register_slice:2.1,xilinx.com:ip:axi_register_slice:2.1,1
design_1/axi_interconnect_hp0/xbar,xilinx.com:ip:axi_crossbar:2.1,xilinx.com:ip:axi_crossbar:2.1,1
design_1/axi_vdma_0,xilinx.com:ip:axi_vdma:6.3,xilinx.com:ip:axi_vdma:6.3,1
design_1/axis_subset_converter_in,xilinx.com:ip:axis_subset_converter:1.1,xilinx.com:ip:axis_subset_converter:1.1,1
design_1/axis_subset_converter_out,xilinx.com:ip:axis_subset_converter:1.1,xilinx.com:ip:axis_subset_converter:1.1,1
design_1/dvi2rgb_0,digilentinc.com:ip:dvi2rgb:2.0,digilentinc.com:ip:dvi2rgb:2.0,1
design_1/proc_sys_reset_0,xilinx.com:ip:proc_sys_reset:5.0,xilinx.com:ip:proc_sys_reset:5.0,1
design_1/proc_sys_reset_fclk0,xilinx.com:ip:proc_sys_reset:5.0,xilinx.com:ip:proc_sys_reset:5.0,1
design_1/proc_sys_reset_fclk1,xilinx.com:ip:proc_sys_reset:5.0,xilinx.com:ip:proc_sys_reset:5.0,1
design_1/processing_system7_0,xilinx.com:ip:processing_system7:5.5,xilinx.com:ip:processing_system7:5.5,1
design_1/rgb2dvi_1,digilentinc.com:ip:rgb2dvi:1.4,digilentinc.com:ip:rgb2dvi:1.4,1
design_1/subset_converter_reset,xilinx.com:ip:xlconstant:1.1,xilinx.com:ip:xlconstant:1.1,1
design_1/v_axi4s_vid_out_0,xilinx.com:ip:v_axi4s_vid_out:4.0,xilinx.com:ip:v_axi4s_vid_out:4.0,1
design_1/v_tc_in,xilinx.com:ip:v_tc:6.2,xilinx.com:ip:v_tc:6.2,1
design_1/v_tc_out,xilinx.com:ip:v_tc:6.2,xilinx.com:ip:v_tc:6.2,1
design_1/v_vid_in_axi4s_0,xilinx.com:ip:v_vid_in_axi4s:5.0,xilinx.com:ip:v_vid_in_axi4s:5.0,1
design_1/xlconcat_0,xilinx.com:ip:xlconcat:2.1,xilinx.com:ip:xlconcat:2.1,1
