record,zybo_hdmi:default,zybo_hdmi:release,c10lp_multiproc:default,c10lp_multiproc:release,discovery_ref:default,discovery_ref:release,picosoc_zybo:default,picosoc_zybo:release
SIP-1,PARTIAL,SATISFIED,PARTIAL,SATISFIED,PARTIAL,SATISFIED,SATISFIED,SATISFIED
SIP-2,PARTIAL,SATISFIED,PARTIAL,SATISFIED,PARTIAL,SATISFIED,PARTIAL,SATISFIED
SIP-3,PROJECT,PROJECT,PROJECT,PROJECT,PROJECT,PROJECT,PROJECT,PROJECT
SIM-1,MISSING,MISSING,MISSING,MISSING,PARTIAL,PARTIAL,MISSING,MISSING
SIM-2,MISSING,MISSING,MISSING,MISSING,PARTIAL,PARTIAL,MISSING,MISSING
CFG-1,PARTIAL,SATISFIED,PARTIAL,SATISFIED,PARTIAL,SATISFIED,PARTIAL,SATISFIED
CFG-2,PARTIAL,SATISFIED,PARTIAL,SATISFIED,PARTIAL,SATISFIED,PARTIAL,SATISFIED
CFG-3,SATISFIED,SATISFIED,SATISFIED,SATISFIED,SATISFIED,SATISFIED,SATISFIED,SATISFIED
TENV-1,PARTIAL,PARTIAL,PARTIAL,PARTIAL,PARTIAL,PARTIAL,PARTIAL,PARTIAL
TENV-2,PARTIAL,PARTIAL,PROJECT,PROJECT,PARTIAL,PARTIAL,PROJECT,PROJECT
TENV-3,PARTIAL,SATISFIED,PARTIAL,SATISFIED,PARTIAL,SATISFIED,PARTIAL,SATISFIED
TRN-1,SATISFIED,SATISFIED,SATISFIED,SATISFIED,SATISFIED,SATISFIED,SATISFIED,SATISFIED
TRN-2,SATISFIED,SATISFIED,SATISFIED,SATISFIED,SATISFIED,SATISFIED,SATISFIED,SATISFIED
TRN-3,SATISFIED,SATISFIED,SATISFIED,SATISFIED,SATISFIED,SATISFIED,SATISFIED,SATISFIED
RPT-1,PARTIAL,SATISFIED,PARTIAL,SATISFIED,PARTIAL,SATISFIED,PARTIAL,SATISFIED
RPT-2,PROJECT,PARTIAL,PROJECT,PARTIAL,PROJECT,PARTIAL,PROJECT,SATISFIED
RPT-3,PROJECT,PROJECT,PROJECT,PROJECT,PROJECT,PROJECT,PROJECT,PROJECT
BSD-1,PARTIAL,SATISFIED,PARTIAL,SATISFIED,PARTIAL,SATISFIED,PARTIAL,SATISFIED
BSD-2,PROJECT,PROJECT,PROJECT,PROJECT,PROJECT,PROJECT,PROJECT,PROJECT
BSD-3,PROJECT,SATISFIED,PROJECT,SATISFIED,PROJECT,SATISFIED,PROJECT,SATISFIED
BSD-4,PARTIAL,SATISFIED,PARTIAL,SATISFIED,PARTIAL,SATISFIED,PARTIAL,SATISFIED
DEP-1,SATISFIED,SATISFIED,SATISFIED,SATISFIED,SATISFIED,SATISFIED,SATISFIED,SATISFIED
REL-1,PROJECT,SATISFIED,PROJECT,SATISFIED,PROJECT,SATISFIED,PROJECT,SATISFIED
REL-2,PROJECT,SATISFIED,PROJECT,SATISFIED,PROJECT,SATISFIED,PROJECT,SATISFIED
